car_number,Make,Model,Year,Mileage,Condition,Price
24,Ford,Civic,2010,66951,Excellent,28652.45
467,Honda,Altima,2010,109918,Excellent,26504.2
539,Ford,Silverado,2011,106621,Excellent,25669.05
531,Nissan,Silverado,2021,98401,Good,16079.95
618,Chevrolet,F-150,2021,40122,Excellent,18994.0
694,Toyota,Altima,2019,48268,Excellent,20586.6
926,Chevrolet,Altima,2011,38801,Excellent,29060.05
338,Honda,Camry,2017,137062,Fair,18147.0
51,Honda,Camry,2018,40238,Excellent,21988.2
507,Honda,Altima,2021,118937,Good,15053.15
516,Toyota,Civic,2018,42073,Excellent,21896.35
920,Ford,Camry,2021,21971,Fair,19901.55
781,Ford,F-150,2020,90987,Excellent,17450.65
264,Ford,Camry,2016,99676,Excellent,21016.3
817,Chevrolet,F-150,2011,50007,Fair,28499.75
710,Ford,Civic,2021,75674,Excellent,17216.4
682,Honda,Silverado,2021,52464,Fair,18376.9
832,Toyota,Civic,2012,45294,Excellent,27735.4
518,Nissan,F-150,2017,37884,Fair,23105.8
447,Ford,Silverado,2022,19645,Excellent,19017.65
18,Chevrolet,Camry,2010,121446,Excellent,25927.8
715,Honda,F-150,2011,33101,Good,29345.05
483,Honda,Silverado,2018,53638,Good,21318.2
568,Chevrolet,F-150,2022,83446,Good,15827.7
433,Chevrolet,Silverado,2015,27971,Excellent,25601.45
367,Toyota,Altima,2020,37051,Excellent,20147.45
83,Nissan,Camry,2013,58378,Good,26081.2
61,Toyota,Silverado,2020,54542,Excellent,19272.9
638,Chevrolet,Silverado,2010,116617,Excellent,26169.15
272,Ford,Civic,2010,51796,Fair,29410.3
285,Honda,Altima,2014,67624,Excellent,24618.7
360,Toyota,Civic,2019,126523,Excellent,16673.95
354,Ford,Civic,2019,13424,Excellent,22328.8
456,Ford,F-150,2019,42231,Excellent,20888.55
278,Honda,Silverado,2013,26857,Good,27657.15
12,Toyota,Silverado,2012,79902,Excellent,26005.0
182,Honda,Civic,2010,29471,Excellent,30526.55
368,Ford,Silverado,2018,141756,Excellent,16912.3
881,Toyota,F-150,2010,12923,Excellent,31353.95
615,Nissan,Camry,2010,54344,Excellent,29282.7
223,Toyota,Altima,2021,136052,Fair,14197.5
572,Honda,Altima,2010,131693,Excellent,25415.45
970,Honda,Camry,2011,57068,Excellent,28146.6
653,Toyota,Silverado,2019,131966,Fair,16401.7
545,Ford,Civic,2013,56750,Fair,26162.6
582,Honda,Civic,2022,142482,Excellent,12875.9
633,Honda,F-150,2020,116611,Fair,16169.55
176,Chevrolet,F-150,2010,63956,Good,28802.3
665,Chevrolet,F-150,2021,122918,Good,14854.2
673,Honda,Silverado,2022,85972,Excellent,15701.5
585,Chevrolet,Altima,2020,125852,Excellent,15707.4
873,Chevrolet,Civic,2019,84547,Excellent,18772.75
393,Ford,Silverado,2011,102294,Fair,25885.4
163,Toyota,Camry,2010,89811,Fair,27509.55
248,Nissan,Silverado,2014,14405,Excellent,27279.85
634,Toyota,F-150,2013,29909,Fair,27504.65
885,Toyota,Silverado,2010,115209,Excellent,26239.65
669,Nissan,Altima,2020,24393,Good,20780.35
375,Honda,Altima,2020,103522,Excellent,16823.9
412,Chevrolet,Camry,2019,34918,Good,21254.2
74,Honda,F-150,2017,119991,Good,19000.55
113,Honda,Altima,2020,108484,Excellent,16575.9
598,Chevrolet,Civic,2014,52705,Excellent,25364.85
961,Nissan,Altima,2016,67134,Good,22643.4
390,Ford,Camry,2019,127210,Excellent,16639.5
104,Nissan,F-150,2012,89140,Good,25543.1
114,Ford,Civic,2014,119922,Excellent,22004.0
417,Ford,Civic,2010,14502,Good,31275.0
525,Nissan,Altima,2015,77740,Excellent,23113.0
457,Nissan,Camry,2018,27069,Good,22646.65
409,Nissan,Civic,2016,89158,Fair,21542.1
92,Chevrolet,Civic,2011,68245,Good,27587.65
930,Chevrolet,F-150,2018,68977,Fair,20551.25
89,Chevrolet,Silverado,2015,141793,Excellent,19910.45
336,Ford,Altima,2012,26858,Excellent,28657.2
988,Toyota,Camry,2012,136407,Excellent,23179.75
921,Honda,Silverado,2020,31688,Excellent,20415.7
933,Honda,Civic,2016,38708,Excellent,24064.7
605,Toyota,Civic,2016,80795,Excellent,21960.25
593,Honda,Civic,2022,98546,Good,15072.7
611,Ford,Altima,2011,118056,Excellent,25097.3
94,Nissan,Altima,2018,133106,Good,17344.8
11,Nissan,Silverado,2016,101914,Good,20904.4
396,Chevrolet,Camry,2021,106594,Excellent,15670.4
533,Toyota,Altima,2015,65064,Excellent,23746.9
43,Honda,Silverado,2016,69108,Fair,22544.7
42,Toyota,Camry,2021,139945,Good,14002.85
329,Ford,Altima,2022,77020,Good,16149.1
167,Chevrolet,Civic,2014,15780,Excellent,27211.1
497,Honda,Silverado,2012,140142,Excellent,22993.0
876,Honda,Camry,2012,84092,Excellent,25795.5
597,Ford,Altima,2011,16447,Good,30177.65
756,Honda,Camry,2017,108648,Excellent,19567.6
100,Honda,Camry,2010,17346,Fair,31132.8
426,Honda,Altima,2011,28108,Good,29594.5
178,Nissan,Civic,2019,88161,Excellent,18591.95
444,Nissan,Silverado,2020,103321,Good,16834.05
416,Honda,Camry,2014,51798,Excellent,25410.2
870,Honda,Civic,2019,115299,Excellent,17235.05
882,Nissan,Altima,2012,43860,Excellent,27807.1
680,Ford,Civic,2013,81670,Good,24916.6
177,Honda,Civic,2019,49430,Excellent,20528.5
395,Toyota,Altima,2011,30166,Excellent,29491.8
911,Chevrolet,Altima,2012,126659,Excellent,23667.15
793,Toyota,F-150,2011,128818,Excellent,24559.0
960,Ford,Silverado,2019,70356,Excellent,19482.3
684,Honda,F-150,2014,103515,Good,22824.35
383,Ford,Camry,2018,118435,Excellent,18078.35
956,Ford,F-150,2013,134117,Excellent,22294.25
751,Toyota,Camry,2020,64221,Good,18789.05
257,Nissan,Civic,2021,57139,Good,18143.15
538,Ford,Civic,2010,121868,Excellent,25906.6
335,Toyota,Camry,2019,132258,Excellent,16387.2
15,Ford,F-150,2022,40633,Good,17968.35
324,Nissan,F-150,2018,23963,Excellent,22801.95
758,Chevrolet,Civic,2016,11795,Excellent,25410.35
222,Ford,Altima,2017,109535,Excellent,19523.25
179,Honda,Silverado,2021,96829,Excellent,16158.65
983,Toyota,Altima,2019,64217,Excellent,19789.25
22,Chevrolet,Silverado,2014,148697,Good,20565.15
356,Chevrolet,Altima,2019,105923,Excellent,17703.95
666,Chevrolet,Civic,2010,14506,Fair,31274.7
861,Nissan,Civic,2014,36447,Good,26177.75
340,Nissan,Camry,2022,87290,Good,15635.6
431,Honda,Camry,2014,19437,Good,27028.15
551,Nissan,Camry,2022,73222,Fair,16338.9
833,Honda,Silverado,2020,104399,Fair,16780.05
203,Chevrolet,Civic,2020,116223,Excellent,16188.95
630,Chevrolet,F-150,2014,29491,Excellent,26525.55
93,Chevrolet,F-150,2017,83613,Excellent,20819.45
558,Honda,Civic,2022,110420,Good,14479.1
68,Honda,Camry,2014,56311,Good,25184.35
622,Nissan,F-150,2014,99627,Excellent,23018.55
284,Honda,Camry,2011,98208,Fair,26089.5
844,Toyota,Civic,2022,46699,Good,17665.15
434,Honda,Silverado,2022,23865,Fair,18806.85
153,Ford,Silverado,2012,80614,Fair,25969.4
75,Ford,Altima,2017,135196,Good,18240.3
730,Chevrolet,Silverado,2011,22768,Excellent,29861.7
446,Ford,Altima,2012,99189,Fair,25040.65
188,Nissan,Civic,2016,64951,Excellent,22752.55
271,Ford,Civic,2020,68319,Excellent,18584.15
236,Chevrolet,Silverado,2011,79307,Good,27034.65
487,Chevrolet,Altima,2018,40594,Good,21970.4
117,Chevrolet,F-150,2011,98362,Good,26082.0
943,Chevrolet,Altima,2017,125611,Excellent,18719.55
512,Chevrolet,Silverado,2019,63271,Fair,19836.55
825,Nissan,F-150,2014,106119,Excellent,22694.15
591,Toyota,Camry,2011,143351,Excellent,23832.55
126,Ford,Civic,2017,26893,Excellent,23655.45
116,Honda,F-150,2014,46654,Good,25667.3
473,Nissan,Civic,2010,74570,Excellent,28271.5
693,Nissan,Camry,2013,139970,Excellent,22001.6
57,Toyota,Civic,2019,81972,Good,18901.5
863,Nissan,Silverado,2016,47829,Excellent,23608.65
912,Toyota,Altima,2011,60733,Excellent,27963.45
369,Toyota,Civic,2018,59531,Excellent,21023.55
268,Ford,Altima,2015,31804,Excellent,25409.9
46,Ford,Camry,2010,105649,Excellent,26717.55
349,Ford,Silverado,2020,16317,Good,21184.25
195,Toyota,Altima,2016,137717,Good,19114.25
999,Nissan,Silverado,2017,128390,Excellent,18580.6
834,Ford,Camry,2019,137827,Good,16108.65
736,Toyota,Civic,2018,92293,Excellent,19385.45
263,Chevrolet,Camry,2011,65729,Good,27713.55
443,Toyota,Camry,2012,71281,Good,26436.05
675,Nissan,Camry,2011,103788,Excellent,25810.7
304,Nissan,Civic,2019,117574,Excellent,17121.3
341,Honda,Civic,2015,146704,Excellent,19664.9
966,Ford,Altima,2017,78336,Fair,21083.2
149,Ford,F-150,2020,20087,Excellent,20995.75
124,Toyota,Altima,2012,121983,Excellent,23900.95
786,Chevrolet,Silverado,2018,136757,Good,17162.15
50,Toyota,F-150,2010,123884,Excellent,25805.7
353,Toyota,Camry,2021,105673,Excellent,15716.45
927,Chevrolet,Camry,2013,114013,Excellent,23299.35
142,Toyota,Altima,2022,110727,Fair,14463.65
470,Chevrolet,Silverado,2019,130681,Excellent,16465.95
399,Ford,Silverado,2017,40831,Good,22958.55
625,Honda,Civic,2017,96018,Excellent,20199.2
320,Toyota,Altima,2017,133563,Good,18321.95
19,Nissan,Civic,2013,61672,Good,25916.4
809,Toyota,Civic,2017,63826,Good,21808.8
790,Chevrolet,Altima,2016,149200,Excellent,18540.1
808,Nissan,F-150,2013,106330,Good,23683.6
407,Honda,Silverado,2017,63390,Excellent,21830.5
537,Toyota,Camry,2011,134292,Good,24285.4
620,Honda,Camry,2010,121674,Excellent,25916.2
38,Nissan,Camry,2013,96202,Excellent,24189.9
175,Ford,F-150,2021,77019,Excellent,17148.95
245,Ford,F-150,2013,42090,Good,26895.6
828,Nissan,Silverado,2022,72203,Excellent,16389.95
667,Honda,Camry,2013,24945,Fair,27752.85
754,Toyota,F-150,2020,61104,Excellent,18944.8
858,Ford,Civic,2011,25277,Excellent,29736.15
154,Ford,Civic,2021,11008,Excellent,20449.7
287,Nissan,Silverado,2014,39631,Excellent,26018.55
602,Chevrolet,F-150,2014,82880,Excellent,23856.1
569,Nissan,Camry,2018,144159,Excellent,16792.15
743,Honda,F-150,2011,86503,Excellent,26674.95
17,Nissan,Altima,2020,33054,Good,20347.4
127,Nissan,Silverado,2022,57948,Excellent,17102.7
322,Toyota,Camry,2018,127007,Fair,17649.75
255,Nissan,Altima,2019,12555,Good,22372.15
657,Toyota,Altima,2019,140224,Good,15988.8
964,Ford,Civic,2016,12784,Excellent,25360.9
190,Toyota,Civic,2016,14614,Excellent,25269.4
115,Chevrolet,Altima,2010,18123,Excellent,31093.95
616,Chevrolet,Silverado,2014,106646,Good,22667.7
606,Honda,Silverado,2014,21339,Excellent,26933.15
180,Honda,F-150,2022,59978,Fair,17001.2
301,Nissan,Civic,2021,117283,Excellent,15135.95
759,Ford,F-150,2019,64700,Good,19765.0
712,Nissan,F-150,2014,37607,Good,26119.65
723,Chevrolet,Camry,2021,79881,Good,17006.05
685,Ford,Camry,2020,30823,Excellent,20458.95
979,Honda,Civic,2018,103726,Good,18813.8
517,Chevrolet,F-150,2015,147849,Excellent,19607.55
984,Toyota,F-150,2011,37478,Fair,29126.2
45,Toyota,F-150,2013,53165,Fair,26341.85
909,Toyota,F-150,2019,140645,Excellent,15967.85
157,Ford,Silverado,2011,61439,Excellent,27928.15
851,Honda,Civic,2011,112032,Excellent,25398.3
171,Nissan,Silverado,2011,118725,Excellent,25063.85
16,Chevrolet,F-150,2017,48281,Fair,22586.05
511,Chevrolet,Silverado,2022,125945,Excellent,13702.85
48,Toyota,Civic,2014,88835,Good,23558.35
971,Nissan,F-150,2013,98891,Excellent,24055.45
940,Ford,Silverado,2014,110014,Excellent,22499.3
515,Toyota,Altima,2022,50136,Good,17493.3
952,Chevrolet,Civic,2015,133193,Good,20340.25
480,Ford,Altima,2012,101831,Excellent,24908.55
283,Nissan,Altima,2013,78616,Good,25069.3
718,Ford,Camry,2017,127836,Good,18608.2
877,Toyota,Civic,2014,94561,Fair,23271.95
225,Ford,F-150,2013,64742,Excellent,25763.0
26,Ford,Silverado,2018,69109,Excellent,20544.55
954,Toyota,Civic,2013,49994,Excellent,26500.2
437,Chevrolet,F-150,2020,133725,Good,15313.85
951,Nissan,Altima,2016,106614,Fair,20669.4
364,Honda,Camry,2012,140853,Excellent,22957.45
229,Honda,Altima,2017,22255,Excellent,23887.35
37,Chevrolet,Silverado,2013,102118,Excellent,23894.1
965,Ford,F-150,2012,94169,Excellent,25291.45
374,Honda,Silverado,2013,28141,Excellent,27592.95
469,Chevrolet,Altima,2020,64646,Fair,18767.8
967,Honda,Silverado,2017,125701,Good,18715.05
850,Chevrolet,Civic,2012,15826,Excellent,29208.8
704,Chevrolet,Civic,2019,122038,Good,16898.2
841,Nissan,Altima,2022,56155,Good,17192.15
194,Nissan,F-150,2016,48764,Good,23561.9
854,Honda,Camry,2011,103575,Excellent,25821.35
864,Toyota,Camry,2010,145528,Excellent,24723.6
503,Honda,Altima,2016,46914,Excellent,23654.4
969,Chevrolet,Altima,2020,122285,Good,15885.75
830,Honda,Camry,2013,136202,Good,22190.0
579,Chevrolet,Silverado,2016,52022,Excellent,23398.9
968,Toyota,Civic,2013,73364,Excellent,25331.8
162,Chevrolet,F-150,2010,127915,Excellent,25604.35
908,Chevrolet,Civic,2022,70874,Good,16456.4
152,Ford,F-150,2022,144488,Excellent,12775.7
801,Toyota,Civic,2021,87129,Excellent,16643.65
993,Honda,Altima,2012,113390,Good,24330.6
755,Honda,F-150,2019,106037,Excellent,17698.25
111,Honda,Camry,2011,144023,Fair,23798.95
226,Nissan,Camry,2013,29720,Excellent,27514.0
688,Nissan,Camry,2014,54608,Excellent,25269.7
103,Nissan,Silverado,2011,70039,Good,27498.15
421,Honda,Silverado,2020,11052,Excellent,21447.5
419,Honda,Camry,2013,17912,Excellent,28104.3
750,Chevrolet,Silverado,2020,119038,Excellent,16048.2
586,Nissan,Altima,2013,29419,Excellent,27529.15
780,Honda,Silverado,2011,137472,Excellent,24126.4
672,Honda,Altima,2021,63376,Excellent,17831.3
119,Chevrolet,F-150,2020,75798,Excellent,18210.1
53,Toyota,Altima,2017,44880,Excellent,22756.1
151,Nissan,Altima,2020,11995,Excellent,21400.35
403,Nissan,Camry,2013,43433,Good,26828.35
945,Ford,Camry,2021,108001,Excellent,15600.05
207,Nissan,Civic,2019,27588,Good,21620.7
658,Honda,Altima,2016,121615,Excellent,19919.35
843,Toyota,Civic,2011,113560,Excellent,25322.0
762,Toyota,F-150,2012,97595,Good,25120.35
8,Ford,Camry,2014,121298,Good,21935.1
807,Honda,Civic,2012,48331,Excellent,27583.55
36,Chevrolet,F-150,2020,43785,Excellent,19810.75
452,Chevrolet,Altima,2013,120835,Good,22958.35
651,Honda,Silverado,2020,19789,Good,21010.55
253,Nissan,Silverado,2020,94694,Excellent,17265.4
303,Ford,Civic,2012,72515,Excellent,26374.35
746,Toyota,Civic,2020,19145,Excellent,21042.65
571,Ford,Silverado,2014,105007,Excellent,22749.75
623,Nissan,Camry,2016,95531,Excellent,21223.55
732,Honda,Civic,2021,84577,Excellent,16771.05
891,Ford,Altima,2012,114588,Good,24270.5
262,Toyota,Altima,2017,105618,Good,19719.2
610,Nissan,Silverado,2012,73578,Excellent,26321.2
297,Honda,Civic,2016,118154,Good,20092.3
414,Honda,Altima,2014,58887,Excellent,25055.55
150,Toyota,Civic,2017,67872,Excellent,21606.4
788,Honda,Altima,2016,80192,Excellent,21990.5
640,Honda,Altima,2010,114848,Excellent,26257.7
889,Ford,Altima,2015,82459,Excellent,22876.95
550,Nissan,Camry,2015,51625,Excellent,24418.85
886,Toyota,Altima,2020,46725,Excellent,19663.85
488,Toyota,Silverado,2014,24128,Fair,26793.6
147,Ford,Silverado,2018,130659,Excellent,17467.05
146,Nissan,Altima,2013,39951,Excellent,27002.55
720,Nissan,Altima,2022,94256,Fair,15287.3
931,Honda,Camry,2017,24030,Excellent,23798.4
739,Chevrolet,F-150,2016,11712,Good,25414.4
659,Chevrolet,Civic,2022,107782,Excellent,14611.0
348,Chevrolet,Camry,2016,13492,Excellent,25325.5
463,Honda,Silverado,2019,63167,Excellent,19841.65
325,Chevrolet,F-150,2018,102496,Excellent,18875.2
186,Toyota,F-150,2020,44070,Excellent,19796.6
123,Chevrolet,Altima,2021,114819,Good,15258.95
853,Honda,F-150,2012,21025,Excellent,28948.65
608,Chevrolet,Silverado,2012,133111,Good,23344.55
143,Ford,Camry,2016,113300,Excellent,20335.0
958,Toyota,Silverado,2013,54943,Excellent,26252.95
197,Honda,Altima,2020,35657,Fair,20217.25
609,Honda,Silverado,2012,112469,Good,24376.65
279,Toyota,Silverado,2015,133560,Excellent,20322.1
293,Ford,Altima,2011,122440,Fair,24878.1
400,Nissan,Silverado,2018,86192,Excellent,19690.5
122,Toyota,Camry,2021,85415,Good,16729.15
183,Honda,F-150,2019,72274,Excellent,19386.4
202,Toyota,Camry,2015,24020,Excellent,25799.1
438,Toyota,Silverado,2015,136557,Good,20172.15
246,Nissan,F-150,2015,57147,Excellent,24142.75
415,Nissan,Altima,2021,101862,Excellent,15907.0
932,Chevrolet,Civic,2018,105608,Good,18719.7
765,Toyota,Civic,2021,133133,Excellent,14343.45
906,Honda,Silverado,2010,94434,Excellent,27278.4
835,Toyota,Altima,2013,108091,Excellent,23595.45
887,Nissan,Civic,2013,108600,Excellent,23570.0
129,Ford,Altima,2022,57614,Good,17119.4
637,Chevrolet,Camry,2014,71453,Excellent,24427.45
402,Ford,Civic,2022,25928,Excellent,18703.7
784,Toyota,Altima,2020,86137,Fair,17693.25
770,Honda,F-150,2013,77857,Excellent,25107.25
735,Ford,Civic,2012,55039,Excellent,27248.15
913,Chevrolet,Civic,2016,97889,Good,21105.55
219,Chevrolet,Camry,2019,106227,Good,17688.65
641,Honda,Civic,2014,17168,Good,27141.6
915,Ford,Camry,2012,135239,Excellent,23238.05
752,Honda,Civic,2011,77760,Good,27111.9
806,Nissan,Altima,2022,15992,Fair,19200.5
919,Nissan,F-150,2011,41636,Fair,28918.2
624,Toyota,Camry,2012,98006,Good,25099.8
874,Nissan,F-150,2013,97585,Excellent,24120.85
760,Toyota,F-150,2021,42702,Excellent,18865.0
386,Toyota,Silverado,2012,57881,Good,27105.95
972,Toyota,Silverado,2010,70053,Excellent,28497.45
509,Chevrolet,Camry,2020,29755,Good,20512.25
267,Nissan,F-150,2010,50011,Good,29499.45
819,Ford,Camry,2022,142080,Good,12896.0
441,Nissan,Silverado,2011,121548,Excellent,24922.5
496,Nissan,Silverado,2014,55001,Excellent,25249.95
112,Honda,Camry,2017,28625,Excellent,23568.85
691,Nissan,F-150,2020,62934,Excellent,18853.4
232,Honda,Silverado,2020,105729,Excellent,16713.65
869,Honda,Civic,2018,55849,Excellent,21207.65
607,Nissan,F-150,2013,48480,Good,26576.1
671,Honda,Silverado,2020,31470,Excellent,20426.6
373,Toyota,Silverado,2021,42395,Excellent,18880.35
981,Chevrolet,Altima,2015,74527,Excellent,23273.65
842,Chevrolet,Altima,2014,49867,Excellent,25506.75
233,Ford,Altima,2011,10786,Excellent,30460.8
785,Toyota,F-150,2011,51340,Excellent,28433.1
676,Honda,Silverado,2011,87442,Excellent,26628.0
317,Nissan,Silverado,2022,83667,Good,15816.65
648,Nissan,Altima,2018,88234,Excellent,19588.3
410,Chevrolet,Silverado,2021,30611,Excellent,19469.45
898,Chevrolet,F-150,2013,44970,Good,26751.4
709,Honda,Silverado,2015,147077,Excellent,19646.25
358,Ford,Altima,2013,58045,Excellent,26097.85
258,Toyota,Silverado,2015,17004,Good,26149.9
744,Honda,F-150,2020,31423,Excellent,20428.85
627,Chevrolet,F-150,2012,61491,Excellent,26925.45
632,Ford,Altima,2014,28350,Excellent,26582.6
282,Nissan,Camry,2015,69944,Good,23502.7
376,Ford,Camry,2017,120980,Fair,18951.1
384,Toyota,Altima,2020,121125,Excellent,15943.75
224,Ford,Camry,2017,71493,Excellent,21425.45
953,Honda,Altima,2020,135632,Excellent,15218.5
814,Honda,Camry,2012,102406,Excellent,24879.8
472,Toyota,Altima,2016,12869,Excellent,25356.65
347,Toyota,F-150,2019,52450,Fair,20377.6
505,Ford,Camry,2017,55739,Good,22213.05
639,Toyota,Silverado,2017,131649,Excellent,18417.65
987,Nissan,Altima,2013,109094,Excellent,23545.4
928,Toyota,F-150,2021,110323,Good,15483.95
905,Chevrolet,F-150,2013,19440,Good,28028.0
619,Ford,Silverado,2017,18119,Good,24094.05
855,Toyota,Civic,2011,53575,Good,28321.35
803,Toyota,Camry,2011,108907,Good,25554.75
645,Honda,Altima,2021,149648,Good,13517.7
846,Nissan,Camry,2013,41285,Excellent,26935.75
556,Honda,Civic,2018,136822,Excellent,17159.0
957,Toyota,Altima,2017,23845,Good,23807.85
577,Toyota,Altima,2010,70775,Excellent,28461.35
795,Honda,Civic,2017,94183,Excellent,20290.85
85,Honda,Silverado,2016,119802,Excellent,20010.0
242,Toyota,Altima,2012,145731,Excellent,22713.45
698,Ford,Camry,2022,29471,Excellent,18526.45
159,Nissan,Civic,2015,22701,Good,25864.95
524,Ford,F-150,2014,135770,Good,21211.6
35,Chevrolet,Altima,2013,106330,Excellent,23683.4
540,Honda,Silverado,2022,28261,Good,18586.95
170,Nissan,Camry,2011,29605,Fair,29519.85
654,Honda,Altima,2022,33316,Excellent,18334.2
890,Chevrolet,Silverado,2010,22994,Good,30850.4
857,Nissan,Civic,2010,37265,Fair,30136.75
847,Chevrolet,Altima,2010,109321,Good,26534.05
944,Toyota,Camry,2010,88965,Excellent,27551.85
733,Toyota,Altima,2022,66857,Good,16657.25
95,Toyota,F-150,2013,119617,Fair,23019.05
563,Nissan,F-150,2022,11057,Excellent,19447.25
240,Ford,Camry,2015,97393,Excellent,22130.45
742,Toyota,Silverado,2020,134241,Excellent,15287.95
574,Chevrolet,Camry,2010,64157,Excellent,28792.25
690,Ford,Camry,2021,61150,Excellent,17942.6
460,Honda,Altima,2018,89682,Excellent,19515.9
553,Honda,Silverado,2021,81288,Good,16935.7
888,Ford,Altima,2019,30151,Good,21492.45
206,Ford,F-150,2016,44978,Excellent,23751.2
392,Chevrolet,Camry,2010,50056,Excellent,29497.3
794,Honda,Camry,2018,35305,Excellent,22234.75
397,Ford,Silverado,2016,48490,Good,23575.4
766,Chevrolet,Camry,2019,43995,Excellent,20800.35
848,Ford,Silverado,2021,75482,Excellent,17226.0
217,Toyota,Camry,2014,148505,Good,20574.75
4,Chevrolet,Civic,2019,63565,Excellent,19821.85
768,Honda,Altima,2012,74521,Fair,26273.95
642,Toyota,F-150,2010,47014,Excellent,29649.4
929,Ford,Civic,2016,74780,Excellent,22261.0
612,Toyota,Camry,2011,57879,Excellent,28105.95
738,Chevrolet,F-150,2020,146032,Good,14698.3
546,Chevrolet,Civic,2018,61510,Good,20924.6
725,Chevrolet,Civic,2011,63223,Excellent,27838.95
683,Ford,F-150,2013,121745,Excellent,22912.85
98,Nissan,F-150,2020,37978,Excellent,20101.1
804,Ford,Altima,2015,61687,Good,23915.75
727,Chevrolet,F-150,2018,81236,Fair,19938.2
573,Toyota,Silverado,2022,125405,Excellent,13729.85
406,Toyota,Altima,2010,51134,Good,29443.4
502,Toyota,F-150,2011,87729,Excellent,26613.55
47,Toyota,Altima,2014,72408,Good,24379.6
32,Honda,Camry,2010,63740,Excellent,28813.1
779,Ford,Camry,2017,149068,Good,17546.6
839,Nissan,F-150,2017,125049,Good,18747.45
200,Nissan,Altima,2011,149343,Excellent,23532.75
134,Nissan,Civic,2020,31617,Excellent,20419.25
27,Ford,Camry,2013,75631,Good,25218.55
880,Honda,Silverado,2014,75393,Good,24230.35
230,Toyota,F-150,2016,15027,Good,25248.75
489,Toyota,Altima,2020,65285,Good,18735.85
772,Honda,Camry,2015,122891,Excellent,20855.55
378,Chevrolet,F-150,2020,132448,Fair,15377.6
288,Chevrolet,Silverado,2016,116407,Good,20179.75
418,Honda,Altima,2016,101123,Excellent,20943.95
674,Toyota,Camry,2017,54466,Good,22276.8
391,Ford,Silverado,2022,111694,Good,14415.4
592,Toyota,Civic,2015,80511,Excellent,22974.55
498,Nissan,Camry,2022,62974,Fair,16851.2
138,Chevrolet,Altima,2010,143341,Good,24832.85
62,Chevrolet,Camry,2019,16493,Excellent,22175.45
471,Chevrolet,Civic,2021,121983,Good,14900.75
647,Honda,Camry,2014,96707,Fair,23164.75
128,Toyota,Camry,2019,116033,Excellent,17198.45
976,Ford,Altima,2013,66767,Excellent,25661.65
520,Chevrolet,Camry,2018,127513,Excellent,17624.35
838,Nissan,Silverado,2014,33890,Excellent,26305.6
962,Chevrolet,F-150,2018,96149,Excellent,19192.65
64,Ford,Camry,2012,38647,Fair,28067.75
812,Toyota,Camry,2011,124937,Excellent,24753.15
14,Toyota,F-150,2014,72976,Excellent,24351.3
156,Nissan,Camry,2010,44176,Excellent,29791.3
40,Toyota,Civic,2020,131994,Excellent,15400.4
492,Ford,Silverado,2012,129184,Excellent,23540.9
379,Chevrolet,Camry,2018,52704,Good,21364.8
187,Toyota,F-150,2010,111984,Excellent,26400.9
763,Chevrolet,Altima,2021,135165,Excellent,14241.85
216,Toyota,Camry,2021,144496,Excellent,13775.2
791,Honda,Civic,2010,147306,Good,24634.7
52,Toyota,Altima,2021,36817,Excellent,19159.15
878,Nissan,Altima,2021,84366,Excellent,16781.8
337,Toyota,Silverado,2019,132549,Excellent,16372.65
748,Ford,Silverado,2019,28133,Excellent,21593.45
719,Chevrolet,Altima,2020,146457,Excellent,14677.25
724,Chevrolet,Altima,2012,72070,Excellent,26396.6
295,Honda,Camry,2015,97155,Fair,22142.35
701,Ford,Silverado,2010,65181,Good,28740.95
251,Ford,Civic,2021,78264,Fair,17086.8
726,Toyota,Camry,2011,120615,Good,24969.15
461,Chevrolet,F-150,2016,70317,Excellent,22484.25
455,Ford,Camry,2021,14029,Fair,20298.45
996,Chevrolet,F-150,2014,20608,Excellent,26969.7
815,Honda,Altima,2022,140603,Excellent,12969.85
862,Chevrolet,Camry,2018,96151,Excellent,19192.55
269,Nissan,F-150,2015,103452,Excellent,21827.5
201,Honda,Altima,2014,101720,Excellent,22914.0
161,Honda,Silverado,2013,131297,Excellent,22435.15
555,Chevrolet,Altima,2022,85718,Excellent,15714.2
729,Chevrolet,F-150,2021,34932,Excellent,19253.5
401,Chevrolet,Silverado,2014,44619,Excellent,25769.05
702,Ford,Camry,2017,91498,Excellent,20425.1
476,Ford,Camry,2018,17053,Fair,23147.45
821,Ford,Altima,2010,63023,Excellent,28848.95
771,Chevrolet,F-150,2019,13554,Good,22322.4
105,Toyota,Altima,2018,43774,Excellent,21811.4
565,Honda,Altima,2021,31087,Excellent,19445.65
389,Ford,F-150,2018,42669,Excellent,21866.55
1,Toyota,Silverado,2014,13578,Excellent,27321.1
937,Ford,Altima,2022,42956,Excellent,17852.3
982,Toyota,Altima,2014,107263,Excellent,22636.95
561,Honda,F-150,2015,24487,Fair,25775.75
80,Honda,Civic,2016,27511,Excellent,24624.45
205,Chevrolet,Altima,2022,14891,Fair,19255.55
34,Chevrolet,Camry,2017,81466,Excellent,20926.8
775,Nissan,Silverado,2017,73340,Excellent,21333.1
508,Nissan,F-150,2013,109321,Excellent,23533.95
427,Toyota,Civic,2010,59668,Excellent,29016.7
454,Ford,Silverado,2013,114176,Excellent,23291.2
366,Honda,Silverado,2016,100367,Good,20981.75
91,Chevrolet,Silverado,2021,70347,Good,17482.55
339,Nissan,Altima,2014,102123,Fair,22893.95
897,Honda,Camry,2020,75326,Excellent,18233.7
564,Ford,Camry,2016,114976,Good,20251.3
345,Toyota,Civic,2020,94847,Good,17257.75
776,Chevrolet,Altima,2015,148214,Excellent,19589.4
241,Chevrolet,Altima,2021,51669,Excellent,18416.65
13,Chevrolet,Silverado,2021,97489,Excellent,16125.65
315,Chevrolet,Camry,2016,51005,Excellent,23449.85
600,Toyota,Altima,2012,139087,Excellent,23045.75
387,Honda,Silverado,2016,130595,Good,19470.15
273,Toyota,Silverado,2011,73851,Good,27307.55
166,Ford,Civic,2018,62889,Good,20855.55
840,Honda,Civic,2019,30687,Fair,21465.75
992,Ford,Civic,2013,53898,Excellent,26305.1
646,Honda,Altima,2010,123807,Excellent,25809.75
818,Honda,Altima,2017,15545,Excellent,24222.85
484,Ford,Altima,2010,134717,Excellent,25264.15
980,Chevrolet,Camry,2021,130741,Fair,14462.95
504,Ford,F-150,2014,27120,Excellent,26644.1
831,Honda,Silverado,2019,122062,Good,16896.8
243,Nissan,Camry,2012,31349,Excellent,28432.65
566,Chevrolet,Silverado,2018,65155,Good,20742.25
875,Toyota,Civic,2015,22308,Fair,25884.5
562,Toyota,Altima,2021,82355,Good,16882.35
686,Nissan,Altima,2012,149794,Excellent,22510.4
189,Chevrolet,Altima,2015,10380,Excellent,26481.1
782,Nissan,Camry,2017,123512,Excellent,18824.5
699,Chevrolet,Camry,2013,39120,Fair,27044.1
475,Ford,F-150,2019,22474,Excellent,21876.4
681,Nissan,Altima,2018,97881,Excellent,19106.05
510,Nissan,Camry,2020,25872,Excellent,20706.4
58,Toyota,Civic,2018,90846,Good,19457.8
474,Honda,Camry,2016,125259,Fair,19737.05
560,Chevrolet,Camry,2018,112050,Excellent,18397.6
856,Toyota,Camry,2022,116465,Excellent,14176.85
747,Chevrolet,Civic,2017,45739,Excellent,22713.15
252,Chevrolet,Civic,2019,63972,Excellent,19801.5
21,Nissan,Camry,2021,119784,Excellent,15010.8
313,Honda,F-150,2012,131779,Fair,23411.15
459,Honda,Silverado,2017,70771,Excellent,21461.55
160,Nissan,Camry,2019,88786,Excellent,18560.8
276,Honda,Civic,2011,117131,Good,25143.45
955,Toyota,Altima,2022,75254,Excellent,16237.4
191,Chevrolet,Civic,2018,48931,Excellent,21553.55
385,Ford,Civic,2014,44962,Excellent,25752.0
805,Chevrolet,Altima,2016,56247,Good,23187.75
413,Toyota,F-150,2020,99917,Fair,17004.15
491,Nissan,Altima,2011,90734,Good,26463.4
343,Nissan,Altima,2016,61257,Excellent,22937.25
769,Ford,Silverado,2014,106467,Fair,22676.75
308,Honda,Silverado,2015,81927,Excellent,22903.75
661,Nissan,Altima,2019,104878,Excellent,17756.2
130,Nissan,F-150,2011,94477,Excellent,26276.15
663,Honda,Silverado,2012,143456,Excellent,22827.3
871,Toyota,Camry,2012,29265,Excellent,28536.85
99,Nissan,Civic,2015,53814,Excellent,24309.4
372,Nissan,F-150,2016,39911,Good,24004.55
87,Toyota,Silverado,2011,146622,Excellent,23669.0
458,Chevrolet,Altima,2012,149613,Good,22519.45
330,Chevrolet,F-150,2022,26242,Excellent,18687.9
214,Nissan,Camry,2015,98839,Excellent,22058.15
466,Honda,F-150,2016,46605,Excellent,23669.85
121,Toyota,Silverado,2012,22391,Excellent,28880.45
614,Nissan,F-150,2021,60272,Fair,17986.5
20,Ford,Silverado,2015,126395,Good,20680.35
700,Toyota,Camry,2012,20345,Good,28982.85
71,Toyota,Civic,2016,96869,Fair,21156.45
106,Chevrolet,Civic,2011,22840,Excellent,29857.9
270,Nissan,Silverado,2018,81973,Fair,19901.35
860,Honda,Civic,2014,10120,Excellent,27494.1
435,Chevrolet,F-150,2021,102564,Excellent,15871.9
102,Nissan,F-150,2017,50778,Excellent,22461.1
